mysql> use mydb
Database changed
mysql> CREATE TABLE Sales (
    ->     SaleID INT PRIMARY KEY,
    ->     Product VARCHAR(100),
    ->     Quantity INT,
    ->     Price DECIMAL(10, 2)
    -> );
Query OK, 0 rows affected (0.03 sec)

mysql> INSERT INTO Sales (SaleID, Product, Quantity, Price) VALUES (1, 'pen', 10, 5);
Query OK, 1 row affected (0.01 sec)

mysql> INSERT INTO Sales (SaleID, Product, Quantity, Price) VALUES (2, 'notebook', 5, 20);
Query OK, 1 row affected (0.00 sec)

mysql> INSERT INTO Sales (SaleID, Product, Quantity, Price) VALUES (3, 'pencil', 15, 3);
Query OK, 1 row affected (0.00 sec)

mysql> INSERT INTO Sales (SaleID, Product, Quantity, Price) VALUES (4, 'eraser', 12, 2);
Query OK, 1 row affected (0.00 sec)

mysql> INSERT INTO Sales (SaleID, Product, Quantity, Price) VALUES (5, 'notebook', 10, 20);
Query OK, 1 row affected (0.00 sec)

mysql> INSERT INTO Sales (SaleID, Product, Quantity, Price) VALUES (6, 'pen', 5, 5);
Query OK, 1 row affected (0.00 sec)

mysql> INSERT INTO Sales (SaleID, Product, Quantity, Price) VALUES (7, 'pencil', 20, 3);
Query OK, 1 row affected (0.00 sec)

mysql> INSERT INTO Sales (SaleID, Product, Quantity, Price) VALUES (8, 'pen', 8, 5);
Query OK, 1 row affected (0.00 sec)

mysql> select * from sales;
+--------+----------+----------+-------+
| SaleID | Product  | Quantity | Price |
+--------+----------+----------+-------+
|      1 | pen      |       10 |  5.00 |
|      2 | notebook |        5 | 20.00 |
|      3 | pencil   |       15 |  3.00 |
|      4 | eraser   |       12 |  2.00 |
|      5 | notebook |       10 | 20.00 |
|      6 | pen      |        5 |  5.00 |
|      7 | pencil   |       20 |  3.00 |
|      8 | pen      |        8 |  5.00 |
+--------+----------+----------+-------+
8 rows in set (0.00 sec)

mysql> SELECT COUNT(*) AS TotalSalesRecords
    -> FROM Sales;
+-------------------+
| TotalSalesRecords |
+-------------------+
|                 8 |
+-------------------+
1 row in set (0.00 sec)

mysql> SELECT SUM(Quantity) AS TotalQuantitySold
    -> FROM Sales;
+-------------------+
| TotalQuantitySold |
+-------------------+
|                85 |
+-------------------+
1 row in set (0.00 sec)

mysql> SELECT MAX(Price) AS HighestPrice
    -> FROM Sales;
+--------------+
| HighestPrice |
+--------------+
|        20.00 |
+--------------+
1 row in set (0.00 sec)

mysql> SELECT MIN(Quantity) AS LowestQuantity
    -> FROM Sales;
+----------------+
| LowestQuantity |
+----------------+
|              5 |
+----------------+
1 row in set (0.00 sec)

mysql> SELECT MIN(Quantity) AS LowestQuantity
    -> FROM Sales;
+----------------+
| LowestQuantity |
+----------------+
|              5 |
+----------------+
1 row in set (0.00 sec)

mysql> SELECT AVG(Price) AS AveragePrice
    -> FROM Sales;
+--------------+
| AveragePrice |
+--------------+
|     7.875000 |
+--------------+
1 row in set (0.00 sec)

mysql> SELECT Product, SUM(Quantity) AS TotalQuantitySold
    -> FROM Sales
    -> GROUP BY Product;
+----------+-------------------+
| Product  | TotalQuantitySold |
+----------+-------------------+
| pen      |                23 |
| notebook |                15 |
| pencil   |                35 |
| eraser   |                12 |
+----------+-------------------+
4 rows in set (0.00 sec)

mysql> SELECT Product, SUM(Quantity) AS TotalQuantitySold
    -> FROM Sales
    -> GROUP BY Product;
+----------+-------------------+
| Product  | TotalQuantitySold |
+----------+-------------------+
| pen      |                23 |
| notebook |                15 |
| pencil   |                35 |
| eraser   |                12 |
+----------+-------------------+
4 rows in set (0.00 sec)